{
  "name": "pantilt_freertos",
  "type": "ARM",
  "dependenceList": [],
  "srcDirs": [
    "Core",
    "Drivers",
    "Middlewares",
    "User"
  ],
  "virtualFolder": {
    "name": "<virtual_root>",
    "files": [
      {
        "path": "startup_stm32f103xb.s"
      }
    ],
    "folders": []
  },
  "outDir": "build",
  "deviceName": null,
  "packDir": null,
  "miscInfo": {
    "uid": "4a72a7b4635a5448ac9a7ffd8413b1d0"
  },
  "targets": {
    "Debug": {
      "excludeList": [],
      "toolchain": "GCC",
      "compileConfig": {
        "cpuType": "Cortex-M3",
        "floatingPointHardware": "none",
        "scatterFilePath": "STM32F103XX_FLASH.ld",
        "useCustomScatterFile": true,
        "storageLayout": {
          "RAM": [],
          "ROM": []
        },
        "options": "null"
      },
      "uploader": "STLink",
      "uploadConfig": {
        "bin": "",
        "proType": "SWD",
        "resetMode": "default",
        "runAfterProgram": true,
        "speed": 4000,
        "address": "0x08000000",
        "elFile": "None",
        "optionBytes": ".eide/debug.st.option.bytes.ini",
        "otherCmds": ""
      },
      "uploadConfigMap": {
        "JLink": {
          "bin": "",
          "baseAddr": "",
          "cpuInfo": {
            "vendor": "null",
            "cpuName": "null"
          },
          "proType": 1,
          "speed": 8000,
          "otherCmds": ""
        }
      },
      "custom_dep": {
        "name": "default",
        "incList": [
          ".eide/deps",
          "Core/Inc",
          "Drivers/STM32F1xx_HAL_Driver/Inc",
          "Drivers/STM32F1xx_HAL_Driver/Inc/Legacy",
          "Middlewares/Third_Party/FreeRTOS/Source/include",
          "Middlewares/Third_Party/FreeRTOS/Source/CMSIS_RTOS_V2",
          "Middlewares/Third_Party/FreeRTOS/Source/portable/GCC/ARM_CM3",
          "Middlewares/Third_Party/FreeRTOS/Source/portable/GCC/ARM_CM4F",
          "Drivers/CMSIS/Device/ST/STM32F1xx/Include",
          "Drivers/CMSIS/Include"
        ],
        "libList": [],
        "defineList": [
          "USE_HAL_DRIVER",
          "STM32F103xB"
        ]
      },
      "builderOptions": {
        "GCC": {
          "version": 5,
          "beforeBuildTasks": [],
          "afterBuildTasks": [],
          "global": {
            "$float-abi-type": "softfp",
            "output-debug-info": "enable",
            "misc-control": "--specs=nosys.specs --specs=nano.specs -u _printf_float"
          },
          "c/cpp-compiler": {
            "language-c": "c11",
            "language-cpp": "c++11",
            "optimization": "level-0",
            "warnings": "all-warnings",
            "one-elf-section-per-function": true,
            "one-elf-section-per-data": true
          },
          "asm-compiler": {},
          "linker": {
            "output-format": "elf",
            "remove-unused-input-sections": true,
            "LIB_FLAGS": "-lm",
            "$toolName": "auto"
          }
        }
      }
    }
  },
  "version": "3.5"
}